爱,,1
八,,1
爸爸,,1
杯子,,1
北京,,1
本,,1
不,,1
不客气,,1
菜,,1
茶,,1
吃,,1
出租车,,1
打电话,,1
大,,1
的,,1
点,,1
电脑,,1
电视,,1
电影,,1
东西,,1
都,,1
读,,1
对不起,,1
多,,1
多少,,1
儿子,,1
二,,1
饭店,,1
飞机,,1
分钟,,1
高兴,,1
个,,1
工作,,1
狗,,1
汉语,,1
好,,1
号,,1
喝,,1
和,,1
很,,1
后面,,1
回,,1
会,,1
几,,1
家,,1
叫,,1
今天,,1
九,,1
开,,1
看,,1
看见,,1
块,,1
来,,1
老师,,1
了,,1
冷,,1
里,,1
六,,1
妈妈,,1
吗,,1
买,,1
猫,,1
没关系,,1
没有,,1
米饭,,1
名字,,1
明天,,1
哪,,1
哪儿,,1
那,,1
呢,,1
能,,1
你,,1
年,,1
女儿,,1
朋友,,1
漂亮,,1
苹果,,1
七,,1
前面,,1
钱,,1
请,,1
去,,1
热,,1
人,,1
认识,,1
三,,1
商店,,1
上,,1
上午,,1
少,,1
谁,,1
什么,,1
十,,1
时候,,1
是,,1
书,,1
水,,1
水果,,1
睡觉,,1
说,,1
四,,1
岁,,1
他,,1
她,,1
太,,1
天气,,1
听,,1
同学,,1
喂,叹词,1
我,,1
我们,,1
五,,1
喜欢,,1
下,,1
下午,,1
下雨,,1
先生,,1
现在,,1
想,,1
小,,1
小姐,,1
些,,1
写,,1
谢谢,,1
星期,,1
学生,,1
学习,,1
学校,,1
一,,1
一点儿,,1
衣服,,1
医生,,1
医院,,1
椅子,,1
有,,1
月,,1
再见,,1
在,,1
怎么,,1
怎么样,,1
这,,1
中国,,1
中午,,1
住,,1
桌子,,1
字,,1
昨天,,1
坐,,1
做,,1
吧,,2
白,,2
百,,2
帮助,,2
报纸,,2
比,,2
别,,2
宾馆,,2
长,形容词,2
唱歌,,2
出,,2
穿,,2
次,,2
从,,2
错,,2
打篮球,,2
大家,,2
到,,2
得,助词,2
等,动词,2
弟弟,,2
第一,,2
懂,,2
对,形容词,2
对,介词,2
房间,,2
非常,,2
服务员,,2
高,,2
告诉,,2
哥哥,,2
给,,2
公共汽车,,2
公司,,2
贵,,2
过,助词,2
还,副词,2
孩子,,2
好吃,,2
黑,,2
红,,2
火车站,,2
机场,,2
鸡蛋,,2
件,,2
教室,,2
姐姐,,2
介绍,,2
进,,2
近,,2
就,,2
觉得,,2
咖啡,,2
开始,,2
考试,,2
可能,,2
可以,,2
课,,2
快,,2
快乐,,2
累,,2
离,,2
两,,2
零,,2
路,,2
旅游,,2
卖,,2
慢,,2
忙,,2
每,,2
妹妹,,2
门,,2
面条,,2
男,,2
您,,2
牛奶,,2
女,,2
旁边,,2
跑步,,2
便宜,,2
票,,2
妻子,,2
起床,,2
千,,2
铅笔,,2
晴,,2
去年,,2
让,,2
日,,2
上班,,2
身体,,2
生病,,2
生日,,2
时间,,2
事情,,2
手表,,2
手机,,2
说话,,2
送,,2
虽然…但是…,,2
它,,2
踢足球,,2
题,,2
跳舞,,2
外,,2
完,,2
玩,,2
晚上,,2
往,,2
为什么,,2
问,,2
问题,,2
西瓜,,2
希望,,2
洗,,2
小时,,2
笑,,2
新,,2
姓,,2
休息,,2
雪,,2
颜色,,2
眼睛,,2
羊肉,,2
药,,2
要,,2
也,,2
一起,,2
一下,,2
已经,,2
意思,,2
因为…所以…,,2
阴,,2
游泳,,2
右边,,2
鱼,,2
远,,2
运动,,2
再,,2
早上,,2
丈夫,,2
找,,2
着,,2
真,,2
正在,,2
知道,,2
准备,,2
走,,2
最,,2
左边,,2
阿姨,,3
啊,,3
矮,,3
爱好,,3
安静,,3
把,,3
班,,3
搬,,3
办法,,3
办公室,,3
半,,3
帮忙,,3
包,,3
饱,,3
北方,,3
被,,3
鼻子,,3
比较,,3
比赛,,3
笔记本,,3
必须,,3
变化,,3
别人,,3
冰箱,,3
不但…而且…,,3
菜单,,3
参加,,3
草,,3
层,,3
差,,3
超市,,3
衬衫,,3
成绩,,3
城市,,3
迟到,,3
除了,,3
船,,3
春,,3
词典,,3
聪明,,3
打扫,,3
打算,,3
带,,3
担心,,3
蛋糕,,3
当然,,3
地,助词,3
灯,,3
地方,,3
地铁,,3
地图,,3
电梯,,3
电子邮件,,3
东,,3
冬,,3
动物,,3
短,,3
段,,3
锻炼,,3
多么,,3
饿,,3
耳朵,,3
发,,3
发烧,,3
发现,,3
方便,,3
放,,3
放心,,3
分,,3
附近,,3
复习,,3
干净,,3
感冒,,3
感兴趣,,3
刚才,,3
个子,,3
根据,,3
跟,,3
更,,3
公斤,,3
公园,,3
故事,,3
刮风,,3
关,,3
关系,,3
关心,,3
关于,,3
国家,,3
过,动词,3
过去,,3
还是,,3
害怕,,3
黑板,,3
后来,,3
护照,,3
花,名词,3
花,动词,3
画,,3
坏,,3
欢迎,,3
还,动词,3
环境,,3
换,,3
黄河,,3
回答,,3
会议,,3
或者,,3
几乎,,3
机会,,3
极,,3
记得,,3
季节,,3
检查,,3
简单,,3
见面,,3
健康,,3
讲,,3
教,,3
角,,3
脚,,3
接,,3
街道,,3
节目,,3
节日,,3
结婚,,3
结束,,3
解决,,3
借,,3
经常,,3
经过,,3
经理,,3
久,,3
旧,,3
句子,,3
决定,,3
可爱,,3
渴,,3
刻,,3
客人,,3
空调,,3
口,,3
哭,,3
裤子,,3
筷子,,3
蓝,,3
老,,3
离开,,3
礼物,,3
历史,,3
脸,,3
练习,,3
辆,,3
聊天,,3
了解,,3
邻居,,3
留学,,3
楼,,3
绿,,3
马,,3
马上,,3
满意,,3
帽子,,3
米,,3
面包,,3
明白,,3
拿,,3
奶奶,,3
南,,3
难,,3
难过,,3
年级,,3
年轻,,3
鸟,,3
努力,,3
爬山,,3
盘子,,3
胖,,3
皮鞋,,3
啤酒,,3
瓶子,,3
其实,,3
其他,,3
奇怪,,3
骑,,3
起飞,,3
起来,,3
清楚,,3
请假,,3
秋,,3
裙子,,3
然后,,3
热情,,3
认为,,3
认真,,3
容易,,3
如果,,3
伞,,3
上网,,3
生气,,3
声音,,3
世界,,3
试,,3
瘦,,3
叔叔,,3
舒服,,3
树,,3
数学,,3
刷牙,,3
双,,3
水平,,3
司机,,3
太阳,,3
特别,,3
疼,,3
提高,,3
体育,,3
甜,,3
条,,3
同事,,3
同意,,3
头发,,3
突然,,3
图书馆,,3
腿,,3
完成,,3
碗,,3
万,,3
忘记,,3
为,,3
为了,,3
位,,3
文化,,3
西,,3
习惯,,3
洗手间,,3
洗澡,,3
夏,,3
先,,3
相信,,3
香蕉,,3
向,,3
像,,3
小心,,3
校长,,3
新闻,,3
新鲜,,3
信用卡,,3
行李箱,,3
熊猫,,3
需要,,3
选择,,3
要求,,3
爷爷,,3
一般,,3
一边,,3
一定,,3
一共,,3
一会儿,,3
一样,,3
一直,,3
以前,,3
音乐,,3
银行,,3
饮料,,3
应该,,3
影响,,3
用,,3
游戏,,3
有名,,3
又,,3
遇到,,3
元,,3
愿意,,3
月亮,,3
越,,3
站,,3
张,,3
长,动词,3
着急,,3
照顾,,3
照片,,3
照相机,,3
只,量词,3
只,副词,3
只有…才…,,3
中间,,3
中文,,3
终于,,3
种,量词,3
重要,,3
周末,,3
主要,,3
注意,,3
自己,,3
自行车,,3
总是,,3
嘴,,3
最后,,3
最近,,3
作业,,3
爱情,,4
安排,,4
安全,,4
按时,,4
按照,,4
百分之,,4
棒,,4
包子,,4
保护,,4
保证,,4
报名,,4
抱,,4
抱歉,,4
倍,,4
本来,,4
笨,,4
比如,,4
毕业,,4
遍,,4
标准,,4
表格,,4
表示,,4
表演,,4
表扬,,4
饼干,,4
并且,,4
博士,,4
不得不,,4
不管,,4
不过,,4
不仅,,4
部分,,4
擦,,4
猜,,4
材料,,4
参观,,4
餐厅,,4
厕所,,4
差不多,,4
长城,,4
长江,,4
尝,,4
场,,4
超过,,4
成功,,4
成为,,4
诚实,,4
乘坐,,4
吃惊,,4
重新,,4
抽烟,,4
出差,,4
出发,,4
出生,,4
出现,,4
厨房,,4
传真,,4
窗户,,4
词语,,4
从来,,4
粗心,,4
存,,4
错误,,4
答案,,4
打扮,,4
打扰,,4
打印,,4
打招呼,,4
打折,,4
打针,,4
大概,,4
大使馆,,4
大约,,4
大夫,,4
戴,,4
当,,4
当时,,4
刀,,4
导游,,4
到处,,4
到底,,4
倒,,4
道歉,,4
得意,,4
得,助动词,4
登机牌,,4
等,助词,4
低,,4
底,,4
地点,,4
地球,,4
地址,,4
调查,,4
掉,,4
丢,,4
动作,,4
堵车,,4
肚子,,4
短信,,4
对话,,4
对面,,4
对于,,4
儿童,,4
而,,4
发生,,4
发展,,4
法律,,4
翻译,,4
烦恼,,4
反对,,4
方法,,4
方面,,4
方向,,4
房东,,4
放弃,,4
放暑假,,4
放松,,4
份,,4
丰富,,4
否则,,4
符合,,4
父亲,,4
付款,,4
负责,,4
复印,,4
复杂,,4
富,,4
改变,,4
干杯,,4
赶,,4
敢,,4
感动,,4
感觉,,4
感情,,4
感谢,,4
干,,4
刚,,4
高速公路,,4
胳膊,,4
各,,4
工资,,4
公里,,4
功夫,,4
共同,,4
购物,,4
够,,4
估计,,4
鼓励,,4
故意,,4
顾客,,4
挂,,4
关键,,4
观众,,4
管理,,4
光,,4
广播,,4
广告,,4
逛,,4
规定,,4
国籍,,4
国际,,4
果汁,,4
过程,,4
海洋,,4
害羞,,4
寒假,,4
汗,,4
航班,,4
好处,,4
好像,,4
号码,,4
合格,,4
合适,,4
盒子,,4
后悔,,4
厚,,4
互联网,,4
互相,,4
护士,,4
怀疑,,4
回忆,,4
活动,,4
活泼,,4
火,,4
获得,,4
积极,,4
积累,,4
基础,,4
激动,,4
及时,,4
即使,,4
计划,,4
记者,,4
技术,,4
既然,,4
继续,,4
寄,,4
加班,,4
加油站,,4
家具,,4
假,,4
价格,,4
坚持,,4
减肥,,4
减少,,4
建议,,4
将来,,4
奖金,,4
降低,,4
降落,,4
交,,4
交流,,4
交通,,4
郊区,,4
骄傲,,4
饺子,,4
教授,,4
教育,,4
接受,,4
接着,,4
节,,4
节约,,4
结果,,4
解释,,4
尽管,,4
紧张,,4
进行,,4
禁止,,4
京剧,,4
经济,,4
经历,,4
经验,,4
精彩,,4
景色,,4
警察,,4
竞争,,4
竟然,,4
镜子,,4
究竟,,4
举,,4
举办,,4
举行,,4
拒绝,,4
距离,,4
聚会,,4
开玩笑,,4
开心,,4
看法,,4
考虑,,4
烤鸭,,4
科学,,4
棵,,4
咳嗽,,4
可怜,,4
可是,,4
可惜,,4
客厅,,4
肯定,,4
空,,4
空气,,4
恐怕,,4
苦,,4
矿泉水,,4
困,,4
困难,,4
垃圾桶,,4
拉,,4
辣,,4
来不及,,4
来得及,,4
来自,,4
懒,,4
浪费,,4
浪漫,,4
老虎,,4
冷静,,4
礼拜天,,4
礼貌,,4
理发,,4
理解,,4
理想,,4
力气,,4
厉害,,4
例如,,4
俩,,4
连,,4
联系,,4
凉快,,4
零钱,,4
另外,,4
留,,4
流利,,4
流行,,4
旅行,,4
律师,,4
乱,,4
麻烦,,4
马虎,,4
满,,4
毛,,4
毛巾,,4
美丽,,4
梦,,4
迷路,,4
密码,,4
免费,,4
秒,,4
民族,,4
母亲,,4
目的,,4
耐心,,4
难道,,4
难受,,4
内,,4
内容,,4
能力,,4
年龄,,4
弄,,4
暖和,,4
偶尔,,4
排队,,4
排列,,4
判断,,4
陪,,4
批评,,4
皮肤,,4
脾气,,4
篇,,4
骗,,4
乒乓球,,4
平时,,4
破,,4
葡萄,,4
普遍,,4
普通话,,4
其次,,4
其中,,4
气候,,4
千万,,4
签证,,4
敲,,4
桥,,4
巧克力,,4
亲戚,,4
轻,,4
轻松,,4
情况,,4
穷,,4
区别,,4
取,,4
全部,,4
缺点,,4
缺少,,4
却,,4
确实,,4
然而,,4
热闹,,4
任何,,4
任务,,4
扔,,4
仍然,,4
日记,,4
入口,,4
散步,,4
森林,,4
沙发,,4
伤心,,4
商量,,4
稍微,,4
勺子,,4
社会,,4
申请,,4
深,,4
甚至,,4
生活,,4
生命,,4
生意,,4
省,,4
剩,,4
失败,,4
失望,,4
师傅,,4
十分,,4
实际,,4
实在,,4
使,,4
使用,,4
世纪,,4
是否,,4
适合,,4
适应,,4
收,,4
收入,,4
收拾,,4
首都,,4
首先,,4
受不了,,4
受到,,4
售货员,,4
输,,4
熟悉,,4
数量,,4
数字,,4
帅,,4
顺便,,4
顺利,,4
顺序,,4
说明,,4
硕士,,4
死,,4
速度,,4
塑料袋,,4
酸,,4
随便,,4
随着,,4
孙子,,4
所有,,4
台,,4
抬,,4
态度,,4
谈,,4
弹钢琴,,4
汤,,4
糖,,4
躺,,4
趟,,4
讨论,,4
讨厌,,4
特点,,4
提,,4
提供,,4
提前,,4
提醒,,4
填空,,4
条件,,4
停,,4
挺,,4
通过,,4
通知,,4
同情,,4
同时,,4
推,,4
推迟,,4
脱,,4
袜子,,4
完全,,4
网球,,4
网站,,4
往往,,4
危险,,4
卫生间,,4
味道,,4
温度,,4
文章,,4
污染,,4
无,,4
无聊,,4
无论,,4
误会,,4
西红柿,,4
吸引,,4
咸,,4
现金,,4
羡慕,,4
相反,,4
相同,,4
香,,4
详细,,4
响,,4
橡皮,,4
消息,,4
小吃,,4
小伙子,,4
小说,,4
笑话,,4
效果,,4
心情,,4
辛苦,,4
信封,,4
信息,,4
信心,,4
兴奋,,4
行,,4
醒,,4
幸福,,4
性别,,4
性格,,4
修理,,4
许多,,4
学期,,4
压力,,4
呀,,4
牙膏,,4
亚洲,,4
严格,,4
严重,,4
研究,,4
盐,,4
眼镜,,4
演出,,4
演员,,4
阳光,,4
养成,,4
样子,,4
邀请,,4
要是,,4
钥匙,,4
也许,,4
叶子,,4
页,,4
一切,,4
以,,4
以为,,4
艺术,,4
意见,,4
因此,,4
引起,,4
印象,,4
赢,,4
应聘,,4
永远,,4
勇敢,,4
优点,,4
优秀,,4
幽默,,4
尤其,,4
由,,4
由于,,4
邮局,,4
友好,,4
友谊,,4
有趣,,4
于是,,4
愉快,,4
与,,4
羽毛球,,4
语法,,4
语言,,4
预习,,4
原来,,4
原谅,,4
原因,,4
约会,,4
阅读,,4
云,,4
允许,,4
杂志,,4
咱们,,4
暂时,,4
脏,,4
责任,,4
增加,,4
占线,,4
招聘,,4
照,,4
真正,,4
整理,,4
正常,,4
正好,,4
正确,,4
正式,,4
证明,,4
之,,4
支持,,4
知识,,4
直接,,4
值得,,4
职业,,4
植物,,4
只好,,4
只要,,4
指,,4
至少,,4
质量,,4
重,,4
重点,,4
重视,,4
周围,,4
主意,,4
祝贺,,4
著名,,4
专门,,4
专业,,4
转,,4
赚,,4
准确,,4
准时,,4
仔细,,4
自然,,4
自信,,4
总结,,4
租,,4
最好,,4
尊重,,4
左右,,4
作家,,4
作用,,4
作者,,4
座,,4
座位,,4
哎,,5
唉,,5
爱护,,5
爱惜,,5
爱心,,5
安慰,,5
安装,,5
岸,,5
暗,,5
熬夜,,5
把握,,5
摆,,5
办理,,5
傍晚,,5
包裹,,5
包含,,5
包括,,5
薄,,5
宝贝,,5
宝贵,,5
保持,,5
保存,,5
保留,,5
保险,,5
报到,,5
报道,,5
报告,,5
报社,,5
抱怨,,5
背,,5
悲观,,5
背景,,5
被子,,5
本科,,5
本领,,5
本质,,5
比例,,5
彼此,,5
必然,,5
必要,,5
毕竟,,5
避免,,5
编辑,,5
鞭炮,,5
便,,5
辩论,,5
标点,,5
标志,,5
表达,,5
表面,,5
表明,,5
表情,,5
表现,,5
冰激凌,,5
病毒,,5
玻璃,,5
播放,,5
脖子,,5
博物馆,,5
补充,,5
不安,,5
不得了,,5
不断,,5
不见得,,5
不耐烦,,5
不然,,5
不如,,5
不要紧,,5
不足,,5
布,,5
步骤,,5
部门,,5
财产,,5
采访,,5
采取,,5
彩虹,,5
踩,,5
参考,,5
参与,,5
惭愧,,5
操场,,5
操心,,5
册,,5
测验,,5
曾经,,5
叉子,,5
差距,,5
插,,5
拆,,5
产品,,5
产生,,5
长途,,5
常识,,5
抄,,5
超级,,5
朝,,5
潮湿,,5
吵,,5
吵架,,5
炒,,5
车库,,5
车厢,,5
彻底,,5
沉默,,5
趁,,5
称,,5
称呼,,5
称赞,,5
成分,,5
成果,,5
成就,,5
成立,,5
成人,,5
成熟,,5
成语,,5
成长,,5
诚恳,,5
承担,,5
承认,,5
承受,,5
程度,,5
程序,,5
吃亏,,5
池塘,,5
迟早,,5
持续,,5
尺子,,5
翅膀,,5
冲,,5
充电器,,5
充分,,5
充满,,5
重复,,5
宠物,,5
抽屉,,5
抽象,,5
丑,,5
臭,,5
出版,,5
出口,,5
出色,,5
出示,,5
出席,,5
初级,,5
除非,,5
除夕,,5
处理,,5
传播,,5
传染,,5
传说,,5
传统,,5
窗帘,,5
闯,,5
创造,,5
吹,,5
词汇,,5
辞职,,5
此外,,5
次要,,5
刺激,,5
匆忙,,5
从此,,5
从而,,5
从前,,5
从事,,5
粗糙,,5
促进,,5
促使,,5
醋,,5
催,,5
存在,,5
措施,,5
答应,,5
达到,,5
打工,,5
打交道,,5
打喷嚏,,5
打听,,5
大方,,5
大厦,,5
大象,,5
大型,,5
呆,,5
代表,,5
代替,,5
贷款,,5
待遇,,5
担任,,5
单纯,,5
单调,,5
单独,,5
单位,,5
单元,,5
耽误,,5
胆小鬼,,5
淡,,5
当地,,5
当心,,5
挡,,5
导演,,5
导致,,5
岛屿,,5
倒霉,,5
到达,,5
道德,,5
道理,,5
登记,,5
等待,,5
等于,,5
滴,,5
的确,,5
敌人,,5
地道,,5
地理,,5
地区,,5
地毯,,5
地位,,5
地震,,5
递,,5
点心,,5
电池,,5
电台,,5
钓,,5
顶,,5
动画片,,5
冻,,5
洞,,5
豆腐,,5
逗,,5
独立,,5
独特,,5
度过,,5
断,,5
堆,,5
对比,,5
对待,,5
对方,,5
对手,,5
对象,,5
兑换,,5
吨,,5
蹲,,5
顿,,5
多亏,,5
多余,,5
朵,,5
躲藏,,5
恶劣,,5
耳环,,5
发表,,5
发愁,,5
发达,,5
发抖,,5
发挥,,5
发明,,5
发票,,5
发言,,5
罚款,,5
法院,,5
翻,,5
繁荣,,5
反而,,5
反复,,5
反应,,5
反映,,5
反正,,5
范围,,5
方,,5
方案,,5
方式,,5
妨碍,,5
仿佛,,5
非,,5
肥皂,,5
废话,,5
分别,,5
分布,,5
分配,,5
分手,,5
分析,,5
纷纷,,5
奋斗,,5
风格,,5
风景,,5
风俗,,5
风险,,5
疯狂,,5
讽刺,,5
否定,,5
否认,,5
扶,,5
服装,,5
幅,,5
辅导,,5
妇女,,5
复制,,5
改革,,5
改进,,5
改善,,5
改正,,5
盖,,5
概括,,5
概念,,5
干脆,,5
干燥,,5
赶紧,,5
赶快,,5
感激,,5
感受,,5
感想,,5
干活儿,,5
钢铁,,5
高档,,5
高级,,5
搞,,5
告别,,5
格外,,5
隔壁,,5
个别,,5
个人,,5
个性,,5
各自,,5
根,,5
根本,,5
工厂,,5
工程师,,5
工具,,5
工人,,5
工业,,5
公布,,5
公开,,5
公平,,5
公寓,,5
公元,,5
公主,,5
功能,,5
恭喜,,5
贡献,,5
沟通,,5
构成,,5
姑姑,,5
姑娘,,5
古代,,5
古典,,5
股票,,5
骨头,,5
鼓舞,,5
鼓掌,,5
固定,,5
挂号,,5
乖,,5
拐弯,,5
怪不得,,5
关闭,,5
观察,,5
观点,,5
观念,,5
官,,5
管子,,5
冠军,,5
光滑,,5
光临,,5
光明,,5
光盘,,5
广场,,5
广大,,5
广泛,,5
归纳,,5
规矩,,5
规律,,5
规模,,5
规则,,5
柜台,,5
滚,,5
锅,,5
国庆节,,5
国王,,5
果然,,5
果实,,5
过分,,5
过敏,,5
过期,,5
哈,,5
海关,,5
海鲜,,5
喊,,5
行业,,5
豪华,,5
好客,,5
好奇,,5
合法,,5
合理,,5
合同,,5
合影,,5
合作,,5
何必,,5
何况,,5
和平,,5
核心,,5
恨,,5
猴子,,5
后背,,5
后果,,5
呼吸,,5
忽然,,5
忽视,,5
胡说,,5
胡同,,5
壶,,5
蝴蝶,,5
糊涂,,5
花生,,5
划,,5
华裔,,5
滑,,5
化学,,5
话题,,5
怀念,,5
怀孕,,5
缓解,,5
幻想,,5
慌张,,5
黄金,,5
灰,,5
灰尘,,5
灰心,,5
挥,,5
恢复,,5
汇率,,5
婚礼,,5
婚姻,,5
活跃,,5
火柴,,5
伙伴,,5
或许,,5
机器,,5
肌肉,,5
基本,,5
激烈,,5
及格,,5
极其,,5
急忙,,5
急诊,,5
集合,,5
集体,,5
集中,,5
计算,,5
记录,,5
记忆,,5
纪录,,5
纪律,,5
纪念,,5
系领带,,5
寂寞,,5
夹子,,5
家庭,,5
家务,,5
家乡,,5
嘉宾,,5
甲,,5
假如,,5
假设,,5
假装,,5
价值,,5
驾驶,,5
嫁,,5
坚决,,5
坚强,,5
肩膀,,5
艰巨,,5
艰苦,,5
兼职,,5
捡,,5
剪刀,,5
简历,,5
简直,,5
建立,,5
建设,,5
建筑,,5
健身,,5
键盘,,5
讲究,,5
讲座,,5
酱油,,5
交换,,5
交际,,5
交往,,5
浇,,5
胶水,,5
角度,,5
狡猾,,5
教材,,5
教练,,5
教训,,5
阶段,,5
结实,,5
接触,,5
接待,,5
接近,,5
节省,,5
结构,,5
结合,,5
结论,,5
结账,,5
戒,,5
戒指,,5
届,,5
借口,,5
金属,,5
尽快,,5
尽量,,5
紧急,,5
谨慎,,5
尽力,,5
进步,,5
进口,,5
近代,,5
经典,,5
经商,,5
经营,,5
精力,,5
精神,,5
酒吧,,5
救,,5
救护车,,5
舅舅,,5
居然,,5
桔子,,5
巨大,,5
具备,,5
具体,,5
俱乐部,,5
据说,,5
捐,,5
决赛,,5
决心,,5
角色,,5
绝对,,5
军事,,5
均匀,,5
卡车,,5
开发,,5
开放,,5
开幕式,,5
开水,,5
砍,,5
看不起,,5
看望,,5
靠,,5
颗,,5
可见,,5
可靠,,5
可怕,,5
克,,5
克服,,5
刻苦,,5
客观,,5
课程,,5
空间,,5
空闲,,5
控制,,5
口味,,5
夸,,5
夸张,,5
会计,,5
宽,,5
昆虫,,5
扩大,,5
辣椒,,5
拦,,5
烂,,5
朗读,,5
劳动,,5
劳驾,,5
老百姓,,5
老板,,5
老婆,,5
老实,,5
老鼠,,5
姥姥,,5
乐观,,5
雷,,5
类型,,5
冷淡,,5
厘米,,5
离婚,,5
梨,,5
理论,,5
理由,,5
力量,,5
立即,,5
立刻,,5
利润,,5
利息,,5
利益,,5
利用,,5
连忙,,5
连续,,5
联合,,5
恋爱,,5
良好,,5
粮食,,5
亮,,5
了不起,,5
列车,,5
临时,,5
灵活,,5
铃,,5
零件,,5
零食,,5
领导,,5
领域,,5
浏览,,5
流传,,5
流泪,,5
龙,,5
漏,,5
陆地,,5
陆续,,5
录取,,5
录音,,5
轮流,,5
论文,,5
逻辑,,5
落后,,5
骂,,5
麦克风,,5
馒头,,5
满足,,5
毛病,,5
矛盾,,5
冒险,,5
贸易,,5
眉毛,,5
媒体,,5
煤炭,,5
美术,,5
魅力,,5
梦想,,5
秘密,,5
秘书,,5
密切,,5
蜜蜂,,5
面对,,5
面积,,5
面临,,5
苗条,,5
描写,,5
敏感,,5
名牌,,5
名片,,5
名胜古迹,,5
明确,,5
明显,,5
明星,,5
命令,,5
命运,,5
摸,,5
模仿,,5
模糊,,5
模特,,5
摩托车,,5
陌生,,5
某,,5
木头,,5
目标,,5
目录,,5
目前,,5
哪怕,,5
难怪,,5
难免,,5
脑袋,,5
内部,,5
内科,,5
嫩,,5
能干,,5
能源,,5
嗯,,5
年代,,5
年纪,,5
念,,5
宁可,,5
牛仔裤,,5
农村,,5
农民,,5
农业,,5
浓,,5
女士,,5
欧洲,,5
偶然,,5
拍,,5
派,,5
盼望,,5
培训,,5
培养,,5
赔偿,,5
佩服,,5
配合,,5
盆,,5
碰,,5
批,,5
批准,,5
披,,5
疲劳,,5
匹,,5
片,,5
片面,,5
飘,,5
拼音,,5
频道,,5
平,,5
平安,,5
平常,,5
平等,,5
平方,,5
平衡,,5
平静,,5
平均,,5
评价,,5
凭,,5
迫切,,5
破产,,5
破坏,,5
期待,,5
期间,,5
其余,,5
奇迹,,5
企业,,5
启发,,5
气氛,,5
汽油,,5
谦虚,,5
签,,5
前途,,5
浅,,5
欠,,5
枪,,5
强调,,5
强烈,,5
墙,,5
抢,,5
悄悄,,5
瞧,,5
巧妙,,5
切,,5
亲爱,,5
亲切,,5
亲自,,5
勤奋,,5
青,,5
青春,,5
青少年,,5
轻视,,5
轻易,,5
清淡,,5
情景,,5
情绪,,5
请求,,5
庆祝,,5
球迷,,5
趋势,,5
取消,,5
娶,,5
去世,,5
圈,,5
权力,,5
权利,,5
全面,,5
劝,,5
缺乏,,5
确定,,5
确认,,5
群,,5
燃烧,,5
绕,,5
热爱,,5
热烈,,5
热心,,5
人才,,5
人口,,5
人类,,5
人民币,,5
人生,,5
人事,,5
人物,,5
人员,,5
忍不住,,5
日常,,5
日程,,5
日历,,5
日期,,5
日用品,,5
日子,,5
如何,,5
如今,,5
软,,5
软件,,5
弱,,5
洒,,5
嗓子,,5
色彩,,5
杀,,5
沙漠,,5
沙滩,,5
傻,,5
晒,,5
删除,,5
闪电,,5
扇子,,5
善良,,5
善于,,5
伤害,,5
商品,,5
商务,,5
商业,,5
上当,,5
蛇,,5
舍不得,,5
设备,,5
设计,,5
设施,,5
射击,,5
摄影,,5
伸,,5
身材,,5
身份,,5
深刻,,5
神话,,5
神秘,,5
升,,5
生产,,5
生动,,5
生长,,5
声调,,5
绳子,,5
省略,,5
胜利,,5
失眠,,5
失去,,5
失业,,5
诗,,5
狮子,,5
湿润,,5
石头,,5
时差,,5
时代,,5
时刻,,5
时髦,,5
时期,,5
时尚,,5
实话,,5
实践,,5
实习,,5
实现,,5
实验,,5
实用,,5
食物,,5
使劲儿,,5
始终,,5
士兵,,5
市场,,5
似的,,5
事实,,5
事物,,5
事先,,5
试卷,,5
收获,,5
收据,,5
手工,,5
手术,,5
手套,,5
手续,,5
手指,,5
首,,5
寿命,,5
受伤,,5
书架,,5
梳子,,5
舒适,,5
输入,,5
蔬菜,,5
熟练,,5
属于,,5
鼠标,,5
数,,5
数据,,5
数码,,5
摔倒,,5
甩,,5
双方,,5
税,,5
说不定,,5
说服,,5
丝绸,,5
丝毫,,5
私人,,5
思考,,5
思想,,5
撕,,5
似乎,,5
搜索,,5
宿舍,,5
随身,,5
随时,,5
随手,,5
碎,,5
损失,,5
缩短,,5
所,,5
锁,,5
台阶,,5
太极拳,,5
太太,,5
谈判,,5
坦率,,5
烫,,5
逃,,5
逃避,,5
桃,,5
淘气,,5
讨价还价,,5
套,,5
特色,,5
特殊,,5
特征,,5
疼爱,,5
提倡,,5
提纲,,5
提问,,5
题目,,5
体会,,5
体贴,,5
体现,,5
体验,,5
天空,,5
天真,,5
调皮,,5
调整,,5
挑战,,5
通常,,5
统一,,5
痛苦,,5
痛快,,5
偷,,5
投入,,5
投资,,5
透明,,5
突出,,5
土地,,5
土豆,,5
吐,,5
兔子,,5
团,,5
推辞,,5
推广,,5
推荐,,5
退,,5
退步,,5
退休,,5
歪,,5
外公,,5
外交,,5
完美,,5
完善,,5
完整,,5
玩具,,5
万一,,5
王子,,5
网络,,5
往返,,5
危害,,5
威胁,,5
微笑,,5
违反,,5
围巾,,5
围绕,,5
唯一,,5
维修,,5
伟大,,5
尾巴,,5
委屈,,5
未必,,5
未来,,5
位于,,5
位置,,5
胃,,5
胃口,,5
温暖,,5
温柔,,5
文件,,5
文具,,5
文明,,5
文学,,5
文字,,5
闻,,5
吻,,5
稳定,,5
问候,,5
卧室,,5
握手,,5
屋子,,5
无奈,,5
无数,,5
无所谓,,5
武术,,5
勿,,5
物理,,5
物质,,5
雾,,5
吸取,,5
吸收,,5
戏剧,,5
系,,5
系统,,5
细节,,5
瞎,,5
下载,,5
吓,,5
夏令营,,5
鲜艳,,5
显得,,5
显然,,5
显示,,5
县,,5
现代,,5
现实,,5
现象,,5
限制,,5
相处,,5
相当,,5
相对,,5
相关,,5
相似,,5
香肠,,5
享受,,5
想念,,5
想象,,5
项,,5
项链,,5
项目,,5
象棋,,5
象征,,5
消费,,5
消化,,5
消极,,5
消失,,5
销售,,5
小麦,,5
小气,,5
孝顺,,5
效率,,5
歇,,5
斜,,5
写作,,5
血,,5
心理,,5
心脏,,5
欣赏,,5
信号,,5
信任,,5
行动,,5
行人,,5
行为,,5
形成,,5
形容,,5
形式,,5
形势,,5
形象,,5
形状,,5
幸亏,,5
幸运,,5
性质,,5
兄弟,,5
胸,,5
休闲,,5
修改,,5
虚心,,5
叙述,,5
宣布,,5
宣传,,5
学历,,5
学术,,5
学问,,5
寻找,,5
询问,,5
训练,,5
迅速,,5
押金,,5
牙齿,,5
延长,,5
严肃,,5
演讲,,5
宴会,,5
阳台,,5
痒,,5
样式,,5
腰,,5
摇,,5
咬,,5
要不,,5
业务,,5
业余,,5
夜,,5
一辈子,,5
一旦,,5
一律,,5
一再,,5
一致,,5
依然,,5
移动,,5
移民,,5
遗憾,,5
疑问,,5
乙,,5
以及,,5
以来,,5
亿,,5
义务,,5
议论,,5
意外,,5
意义,,5
因而,,5
因素,,5
银,,5
印刷,,5
英俊,,5
英雄,,5
迎接,,5
营养,,5
营业,,5
影子,,5
应付,,5
应用,,5
硬,,5
硬件,,5
拥抱,,5
拥挤,,5
勇气,,5
用功,,5
用途,,5
优惠,,5
优美,,5
优势,,5
悠久,,5
犹豫,,5
油炸,,5
游览,,5
有利,,5
幼儿园,,5
娱乐,,5
与其,,5
语气,,5
玉米,,5
预报,,5
预订,,5
预防,,5
元旦,,5
员工,,5
原料,,5
原则,,5
圆,,5
愿望,,5
乐器,,5
晕,,5
运气,,5
运输,,5
运用,,5
灾害,,5
再三,,5
在乎,,5
在于,,5
赞成,,5
赞美,,5
糟糕,,5
造成,,5
则,,5
责备,,5
摘,,5
窄,,5
粘贴,,5
展开,,5
展览,,5
占,,5
战争,,5
长辈,,5
涨,,5
掌握,,5
账户,,5
招待,,5
着火,,5
着凉,,5
召开,,5
照常,,5
哲学,,5
针对,,5
珍惜,,5
真实,,5
诊断,,5
阵,,5
振动,,5
争论,,5
争取,,5
征求,,5
睁,,5
整个,,5
整齐,,5
整体,,5
正,,5
证件,,5
证据,,5
政府,,5
政治,,5
挣,,5
支,,5
支票,,5
执照,,5
直,,5
指导,,5
指挥,,5
至今,,5
至于,,5
志愿者,,5
制定,,5
制度,,5
制造,,5
制作,,5
治疗,,5
秩序,,5
智慧,,5
中介,,5
中心,,5
中旬,,5
种类,,5
重大,,5
重量,,5
周到,,5
猪,,5
竹子,,5
逐步,,5
逐渐,,5
主持,,5
主动,,5
主观,,5
主人,,5
主任,,5
主题,,5
主席,,5
主张,,5
煮,,5
注册,,5
祝福,,5
抓,,5
抓紧,,5
专家,,5
专心,,5
转变,,5
转告,,5
装,,5
装饰,,5
装修,,5
状况,,5
状态,,5
撞,,5
追,,5
追求,,5
咨询,,5
姿势,,5
资格,,5
资金,,5
资料,,5
资源,,5
紫,,5
自从,,5
自动,,5
自豪,,5
自觉,,5
自私,,5
自由,,5
自愿,,5
字母,,5
字幕,,5
综合,,5
总裁,,5
总共,,5
总理,,5
总算,,5
总统,,5
总之,,5
阻止,,5
组,,5
组成,,5
组合,,5
组织,,5
最初,,5
醉,,5
尊敬,,5
遵守,,5
作品,,5
作为,,5
作文,,5
挨,,6
癌症,,6
爱不释手,,6
爱戴,,6
暧昧,,6
安宁,,6
安详,,6
安置,,6
按摩,,6
案件,,6
案例,,6
暗示,,6
昂贵,,6
凹凸,,6
熬,,6
奥秘,,6
巴不得,,6
巴结,,6
扒,,6
疤,,6
拔苗助长,,6
把关,,6
把手,,6
罢工,,6
霸道,,6
掰,,6
摆脱,,6
败坏,,6
拜访,,6
拜年,,6
拜托,,6
颁布,,6
颁发,,6
斑,,6
版本,,6
半途而废,,6
扮演,,6
伴侣,,6
伴随,,6
绑架,,6
榜样,,6
磅,,6
包庇,,6
包袱,,6
包围,,6
包装,,6
饱和,,6
饱经沧桑,,6
保管,,6
保密,,6
保姆,,6
保守,,6
保卫,,6
保养,,6
保障,,6
保重,,6
报仇,,6
报酬,,6
报答,,6
报复,,6
报警,,6
报销,,6
抱负,,6
暴力,,6
暴露,,6
曝光,,6
爆发,,6
爆炸,,6
卑鄙,,6
悲哀,,6
悲惨,,6
北极,,6
贝壳,,6
备份,,6
备忘录,,6
背叛,,6
背诵,,6
被动,,6
被告,,6
奔波,,6
奔驰,,6
本能,,6
本钱,,6
本人,,6
本身,,6
本事,,6
笨拙,,6
崩溃,,6
甭,,6
迸发,,6
蹦,,6
逼迫,,6
鼻涕,,6
比方,,6
比喻,,6
比重,,6
鄙视,,6
闭塞,,6
弊病,,6
弊端,,6
臂,,6
边疆,,6
边界,,6
边境,,6
边缘,,6
编织,,6
鞭策,,6
贬低,,6
贬义,,6
扁,,6
变故,,6
变迁,,6
变质,,6
便利,,6
便条,,6
便于,,6
遍布,,6
辨认,,6
辩护,,6
辩解,,6
辩证,,6
辫子,,6
标本,,6
标记,,6
标题,,6
表决,,6
表态,,6
表彰,,6
憋,,6
别墅,,6
别致,,6
别扭,,6
濒临,,6
冰雹,,6
丙,,6
并非,,6
并列,,6
拨,,6
波浪,,6
波涛,,6
剥削,,6
播种,,6
伯母,,6
博大精深,,6
博览会,,6
搏斗,,6
薄弱,,6
补偿,,6
补救,,6
补贴,,6
捕捉,,6
哺乳,,6
不得已,,6
不妨,,6
不敢当,,6
不顾,,6
不禁,,6
不堪,,6
不可思议,,6
不愧,,6
不料,,6
不免,,6
不时,,6
不惜,,6
不相上下,,6
不像话,,6
不屑一顾,,6
不言而喻,,6
不由得,,6
不择手段,,6
不止,,6
布告,,6
布局,,6
布置,,6
步伐,,6
部署,,6
部位,,6
才干,,6
财富,,6
财务,,6
财政,,6
裁缝,,6
裁判,,6
裁员,,6
采购,,6
采集,,6
采纳,,6
彩票,,6
参谋,,6
参照,,6
残疾,,6
残酷,,6
残留,,6
残忍,,6
灿烂,,6
仓促,,6
仓库,,6
苍白,,6
舱,,6
操劳,,6
操练,,6
操纵,,6
操作,,6
嘈杂,,6
草案,,6
草率,,6
侧面,,6
测量,,6
策划,,6
策略,,6
层出不穷,,6
层次,,6
差别,,6
插座,,6
查获,,6
岔,,6
刹那,,6
诧异,,6
柴油,,6
搀,,6
馋,,6
缠绕,,6
产业,,6
阐述,,6
颤抖,,6
昌盛,,6
尝试,,6
偿还,,6
场合,,6
场面,,6
场所,,6
敞开,,6
畅通,,6
畅销,,6
倡导,,6
倡议,,6
钞票,,6
超越,,6
巢穴,,6
朝代,,6
嘲笑,,6
潮流,,6
撤退,,6
撤销,,6
沉淀,,6
沉闷,,6
沉思,,6
沉重,,6
沉着,,6
陈旧,,6
陈列,,6
陈述,,6
衬托,,6
称心如意,,6
称号,,6
成本,,6
成交,,6
成天,,6
成效,,6
成心,,6
成员,,6
呈现,,6
诚挚,,6
承办,,6
承包,,6
承诺,,6
城堡,,6
乘,,6
盛,,6
惩罚,,6
澄清,,6
橙,,6
秤,,6
吃苦,,6
吃力,,6
迟钝,,6
迟缓,,6
迟疑,,6
持久,,6
赤道,,6
赤字,,6
冲动,,6
冲击,,6
冲突,,6
充当,,6
充沛,,6
充实,,6
充足,,6
重叠,,6
崇拜,,6
崇高,,6
崇敬,,6
稠密,,6
筹备,,6
丑恶,,6
出路,,6
出卖,,6
出身,,6
出神,,6
出息,,6
初步,,6
除,,6
处分,,6
处境,,6
处置,,6
储备,,6
储存,,6
储蓄,,6
触犯,,6
川流不息,,6
穿越,,6
传达,,6
传单,,6
传授,,6
船舶,,6
喘气,,6
串,,6
床单,,6
创立,,6
创新,,6
创业,,6
创作,,6
吹牛,,6
吹捧,,6
炊烟,,6
垂直,,6
锤,,6
纯粹,,6
纯洁,,6
慈善,,6
慈祥,,6
磁带,,6
雌雄,,6
次品,,6
次序,,6
伺候,,6
刺,,6
从容,,6
丛,,6
凑合,,6
粗鲁,,6
窜,,6
摧残,,6
脆弱,,6
搓,,6
磋商,,6
挫折,,6
搭,,6
搭档,,6
搭配,,6
达成,,6
答辩,,6
答复,,6
打包,,6
打官司,,6
打击,,6
打架,,6
打量,,6
打猎,,6
打仗,,6
大不了,,6
大臣,,6
大伙儿,,6
大肆,,6
大体,,6
大意,,6
大致,,6
歹徒,,6
代价,,6
代理,,6
带领,,6
怠慢,,6
逮捕,,6
担保,,6
胆怯,,6
诞辰,,6
诞生,,6
淡季,,6
淡水,,6
蛋白质,,6
当场,,6
当初,,6
当代,,6
当面,,6
当前,,6
当事人,,6
当务之急,,6
当选,,6
党,,6
档案,,6
档次,,6
导弹,,6
导航,,6
导向,,6
捣乱,,6
倒闭,,6
盗窃,,6
稻谷,,6
得不偿失,,6
得力,,6
得天独厚,,6
得罪,,6
灯笼,,6
登陆,,6
登录,,6
蹬,,6
等候,,6
等级,,6
瞪,,6
堤坝,,6
敌视,,6
抵达,,6
抵抗,,6
抵制,,6
地步,,6
地势,,6
地质,,6
递增,,6
颠簸,,6
颠倒,,6
典礼,,6
典型,,6
点缀,,6
电源,,6
垫,,6
惦记,,6
奠定,,6
叼,,6
雕刻,,6
雕塑,,6
吊,,6
调动,,6
跌,,6
丁,,6
叮嘱,,6
盯,,6
定期,,6
定义,,6
丢人,,6
丢三落四,,6
东道主,,6
东张西望,,6
董事长,,6
动荡,,6
动机,,6
动静,,6
动力,,6
动脉,,6
动身,,6
动手,,6
动态,,6
动员,,6
冻结,,6
栋,,6
兜,,6
陡峭,,6
斗争,,6
督促,,6
毒品,,6
独裁,,6
堵塞,,6
赌博,,6
杜绝,,6
端,,6
端午节,,6
端正,,6
短促,,6
断定,,6
断绝,,6
堆积,,6
队伍,,6
对策,,6
对称,,6
对付,,6
对抗,,6
对立,,6
对联,,6
对应,,6
对照,,6
兑现,,6
顿时,,6
多元化,,6
哆嗦,,6
堕落,,6
额外,,6
恶心,,6
恶化,,6
遏制,,6
恩怨,,6
而已,,6
二氧化碳,,6
发布,,6
发财,,6
发呆,,6
发动,,6
发觉,,6
发射,,6
发誓,,6
发行,,6
发炎,,6
发扬,,6
发育,,6
法人,,6
番,,6
凡是,,6
繁华,,6
繁忙,,6
繁体字,,6
繁殖,,6
反驳,,6
反常,,6
反感,,6
反抗,,6
反馈,,6
反面,,6
反射,,6
反思,,6
反问,,6
反之,,6
泛滥,,6
范畴,,6
贩卖,,6
方位,,6
方言,,6
方圆,,6
方针,,6
防守,,6
防御,,6
防止,,6
防治,,6
访问,,6
纺织,,6
放大,,6
放射,,6
飞禽走兽,,6
飞翔,,6
飞跃,,6
非法,,6
肥沃,,6
诽谤,,6
肺,,6
废除,,6
废寝忘食,,6
废墟,,6
沸腾,,6
分辨,,6
分寸,,6
分红,,6
分解,,6
分裂,,6
分泌,,6
分明,,6
分歧,,6
分散,,6
吩咐,,6
坟墓,,6
粉末,,6
粉色,,6
粉碎,,6
分量,,6
愤怒,,6
丰满,,6
丰盛,,6
丰收,,6
风暴,,6
风度,,6
风光,,6
风气,,6
风趣,,6
风土人情,,6
风味,,6
封闭,,6
封建,,6
封锁,,6
锋利,,6
逢,,6
奉献,,6
否决,,6
夫妇,,6
夫人,,6
敷衍,,6
服从,,6
服气,,6
俘虏,,6
符号,,6
幅度,,6
辐射,,6
福利,,6
福气,,6
抚摸,,6
抚养,,6
俯视,,6
辅助,,6
腐败,,6
腐烂,,6
腐蚀,,6
腐朽,,6
负担,,6
附和,,6
附件,,6
附属,,6
复活,,6
复兴,,6
副,,6
赋予,,6
富裕,,6
腹泻,,6
覆盖,,6
改良,,6
钙,,6
盖章,,6
干旱,,6
干扰,,6
干涉,,6
干预,,6
尴尬,,6
感慨,,6
感染,,6
干劲,,6
纲领,,6
岗位,,6
港口,,6
港湾,,6
杠杆,,6
高超,,6
高潮,,6
高峰,,6
高明,,6
高尚,,6
高涨,,6
稿件,,6
告辞,,6
告诫,,6
疙瘩,,6
鸽子,,6
搁,,6
割,,6
歌颂,,6
革命,,6
格局,,6
格式,,6
隔阂,,6
隔离,,6
个体,,6
各抒己见,,6
根深蒂固,,6
根源,,6
跟前,,6
跟随,,6
跟踪,,6
更新,,6
更正,,6
耕地,,6
工艺品,,6
公安局,,6
公道,,6
公告,,6
公关,,6
公民,,6
公然,,6
公认,,6
公式,,6
公务,,6
公正,,6
公证,,6
功劳,,6
功效,,6
攻击,,6
攻克,,6
供不应求,,6
供给,,6
宫殿,,6
恭敬,,6
巩固,,6
共和国,,6
共计,,6
共鸣,,6
勾结,,6
钩子,,6
构思,,6
孤独,,6
孤立,,6
姑且,,6
辜负,,6
古董,,6
古怪,,6
股东,,6
股份,,6
骨干,,6
鼓动,,6
固然,,6
固体,,6
固有,,6
固执,,6
故乡,,6
故障,,6
顾虑,,6
顾问,,6
雇佣,,6
拐杖,,6
关怀,,6
关照,,6
观光,,6
官方,,6
管辖,,6
贯彻,,6
惯例,,6
灌溉,,6
罐,,6
光彩,,6
光辉,,6
光芒,,6
光荣,,6
广阔,,6
归根到底,,6
归还,,6
规范,,6
规格,,6
规划,,6
规章,,6
轨道,,6
贵族,,6
跪,,6
棍棒,,6
国防,,6
国务院,,6
果断,,6
过度,,6
过渡,,6
过奖,,6
过滤,,6
过失,,6
过问,,6
过瘾,,6
过于,,6
嗨,,6
海拔,,6
海滨,,6
含糊,,6
含义,,6
寒暄,,6
罕见,,6
捍卫,,6
行列,,6
航空,,6
航天,,6
航行,,6
毫米,,6
毫无,,6
豪迈,,6
号召,,6
耗费,,6
呵,,6
合并,,6
合成,,6
合伙,,6
合算,,6
和蔼,,6
和解,,6
和睦,,6
和气,,6
和谐,,6
嘿,,6
痕迹,,6
狠心,,6
恨不得,,6
横,,6
哼,,6
轰动,,6
烘,,6
宏观,,6
宏伟,,6
洪水,,6
哄,,6
喉咙,,6
吼,,6
后代,,6
后顾之忧,,6
后勤,,6
候选,,6
呼唤,,6
呼啸,,6
呼吁,,6
忽略,,6
胡乱,,6
胡须,,6
湖泊,,6
花瓣,,6
花蕾,,6
华丽,,6
华侨,,6
化肥,,6
化石,,6
化验,,6
化妆,,6
划分,,6
画蛇添足,,6
话筒,,6
欢乐,,6
还原,,6
环节,,6
缓和,,6
患者,,6
荒凉,,6
荒谬,,6
荒唐,,6
皇帝,,6
皇后,,6
黄昏,,6
恍然大悟,,6
晃,,6
挥霍,,6
辉煌,,6
回报,,6
回避,,6
回顾,,6
回收,,6
悔恨,,6
毁灭,,6
汇报,,6
会晤,,6
贿赂,,6
昏迷,,6
荤,,6
浑身,,6
混合,,6
混乱,,6
混淆,,6
混浊,,6
活该,,6
活力,,6
火箭,,6
火焰,,6
火药,,6
货币,,6
讥笑,,6
饥饿,,6
机动,,6
机构,,6
机灵,,6
机密,,6
机械,,6
机遇,,6
机智,,6
基地,,6
基金,,6
基因,,6
激发,,6
激励,,6
激情,,6
及早,,6
吉祥,,6
级别,,6
极端,,6
极限,,6
即便,,6
即将,,6
急功近利,,6
急剧,,6
急切,,6
急于求成,,6
急躁,,6
疾病,,6
集团,,6
嫉妒,,6
籍贯,,6
给予,,6
计较,,6
记性,,6
记载,,6
纪要,,6
技巧,,6
忌讳,,6
季度,,6
季军,,6
迹象,,6
继承,,6
寄托,,6
寂静,,6
加工,,6
加剧,,6
夹杂,,6
佳肴,,6
家常,,6
家伙,,6
家属,,6
家喻户晓,,6
尖端,,6
尖锐,,6
坚定,,6
坚固,,6
坚韧,,6
坚实,,6
坚硬,,6
艰难,,6
监督,,6
监视,,6
监狱,,6
煎,,6
拣,,6
检讨,,6
检验,,6
剪彩,,6
简化,,6
简陋,,6
简体字,,6
简要,,6
见多识广,,6
见解,,6
见闻,,6
见义勇为,,6
间谍,,6
间隔,,6
间接,,6
剑,,6
健全,,6
舰艇,,6
践踏,,6
溅,,6
鉴别,,6
鉴定,,6
鉴于,,6
将近,,6
将就,,6
将军,,6
僵硬,,6
奖励,,6
奖赏,,6
桨,,6
降临,,6
交叉,,6
交代,,6
交涉,,6
交易,,6
娇气,,6
焦点,,6
焦急,,6
角落,,6
侥幸,,6
搅拌,,6
缴纳,,6
较量,,6
教养,,6
阶层,,6
皆,,6
接连,,6
揭露,,6
节制,,6
节奏,,6
杰出,,6
结晶,,6
结局,,6
结算,,6
截止,,6
截至,,6
竭尽全力,,6
解除,,6
解放,,6
解雇,,6
解剖,,6
解散,,6
解体,,6
戒备,,6
界限,,6
借鉴,,6
借助,,6
金融,,6
津津有味,,6
紧迫,,6
锦上添花,,6
进而,,6
进攻,,6
进化,,6
进展,,6
近来,,6
晋升,,6
浸泡,,6
茎,,6
经费,,6
经纬,,6
惊动,,6
惊奇,,6
惊讶,,6
兢兢业业,,6
精打细算,,6
精华,,6
精简,,6
精密,,6
精确,,6
精通,,6
精心,,6
精益求精,,6
精致,,6
井,,6
颈椎,,6
警告,,6
警惕,,6
竞赛,,6
竞选,,6
敬礼,,6
敬业,,6
境界,,6
镜头,,6
纠纷,,6
纠正,,6
酒精,,6
救济,,6
就近,,6
就业,,6
就职,,6
拘留,,6
拘束,,6
居民,,6
居住,,6
鞠躬,,6
局部,,6
局面,,6
局势,,6
局限,,6
咀嚼,,6
沮丧,,6
举动,,6
举世瞩目,,6
举足轻重,,6
剧本,,6
剧烈,,6
据悉,,6
聚精会神,,6
卷,,6
决策,,6
觉悟,,6
觉醒,,6
绝望,,6
倔强,,6
军队,,6
君子,,6
卡通,,6
开采,,6
开除,,6
开阔,,6
开朗,,6
开明,,6
开辟,,6
开拓,,6
开展,,6
开支,,6
刊登,,6
刊物,,6
勘探,,6
侃侃而谈,,6
砍伐,,6
看待,,6
慷慨,,6
扛,,6
抗议,,6
考察,,6
考古,,6
考核,,6
考验,,6
靠拢,,6
科目,,6
磕,,6
可观,,6
可口,,6
可恶,,6
可行,,6
渴望,,6
克制,,6
刻不容缓,,6
客户,,6
课题,,6
恳切,,6
啃,,6
坑,,6
空洞,,6
空前绝后,,6
空想,,6
空虚,,6
孔,,6
恐怖,,6
恐吓,,6
恐惧,,6
空白,,6
空隙,,6
口气,,6
口腔,,6
口头,,6
口音,,6
扣,,6
枯萎,,6
枯燥,,6
哭泣,,6
苦尽甘来,,6
苦涩,,6
挎,,6
跨,,6
快活,,6
宽敞,,6
宽容,,6
款待,,6
款式,,6
筐,,6
旷课,,6
况且,,6
矿产,,6
框架,,6
亏待,,6
亏损,,6
捆绑,,6
扩充,,6
扩散,,6
扩张,,6
喇叭,,6
蜡烛,,6
啦,,6
来历,,6
来源,,6
栏目,,6
懒惰,,6
狼狈,,6
狼吞虎咽,,6
捞,,6
牢固,,6
牢骚,,6
唠叨,,6
乐趣,,6
乐意,,6
雷达,,6
类似,,6
冷酷,,6
冷落,,6
冷却,,6
愣,,6
黎明,,6
礼节,,6
礼尚往来,,6
里程碑,,6
理睬,,6
理所当然,,6
理直气壮,,6
理智,,6
力求,,6
力所能及,,6
力争,,6
历代,,6
历来,,6
立场,,6
立方,,6
立交桥,,6
立体,,6
立足,,6
利害,,6
例外,,6
粒,,6
连年,,6
连锁,,6
连同,,6
联欢,,6
联络,,6
联盟,,6
联想,,6
廉洁,,6
良心,,6
谅解,,6
晾,,6
辽阔,,6
列举,,6
临床,,6
淋,,6
吝啬,,6
伶俐,,6
灵感,,6
灵魂,,6
灵敏,,6
凌晨,,6
零星,,6
领会,,6
领事馆,,6
领土,,6
领悟,,6
领先,,6
领袖,,6
溜,,6
留恋,,6
留念,,6
留神,,6
流浪,,6
流露,,6
流氓,,6
流通,,6
聋哑,,6
隆重,,6
垄断,,6
笼罩,,6
搂,,6
炉灶,,6
屡次,,6
履行,,6
掠夺,,6
轮船,,6
轮廓,,6
轮胎,,6
论坛,,6
论证,,6
啰唆,,6
络绎不绝,,6
落成,,6
落实,,6
麻痹,,6
麻木,,6
麻醉,,6
码头,,6
蚂蚁,,6
嘛,,6
埋伏,,6
埋没,,6
埋葬,,6
迈,,6
脉搏,,6
埋怨,,6
蔓延,,6
漫长,,6
漫画,,6
慢性,,6
忙碌,,6
盲目,,6
茫茫,,6
茫然,,6
茂盛,,6
冒充,,6
冒犯,,6
枚,,6
媒介,,6
美观,,6
美满,,6
美妙,,6
萌芽,,6
猛烈,,6
眯,,6
弥补,,6
弥漫,,6
迷惑,,6
迷人,,6
迷信,,6
谜语,,6
密度,,6
密封,,6
棉花,,6
免得,,6
免疫,,6
勉励,,6
勉强,,6
面貌,,6
面子,,6
描绘,,6
瞄准,,6
渺小,,6
藐视,,6
灭亡,,6
蔑视,,6
民间,,6
民主,,6
敏捷,,6
敏锐,,6
名次,,6
名额,,6
名副其实,,6
名誉,,6
明明,,6
明智,,6
命名,,6
摸索,,6
模范,,6
模式,,6
模型,,6
膜,,6
摩擦,,6
磨合,,6
魔鬼,,6
魔术,,6
抹杀,,6
莫名其妙,,6
墨水儿,,6
默默,,6
谋求,,6
模样,,6
母语,,6
目睹,,6
目光,,6
沐浴,,6
拿手,,6
纳闷儿,,6
耐用,,6
南辕北辙,,6
难得,,6
难堪,,6
难能可贵,,6
恼火,,6
内涵,,6
内幕,,6
内在,,6
能量,,6
拟定,,6
逆行,,6
年度,,6
捏,,6
凝固,,6
凝聚,,6
凝视,,6
拧,,6
宁肯,,6
宁愿,,6
扭转,,6
纽扣儿,,6
农历,,6
浓厚,,6
奴隶,,6
虐待,,6
挪,,6
哦,,6
殴打,,6
呕吐,,6
偶像,,6
趴,,6
排斥,,6
排除,,6
排放,,6
排练,,6
徘徊,,6
派别,,6
派遣,,6
攀登,,6
盘旋,,6
判决,,6
畔,,6
庞大,,6
抛弃,,6
泡沫,,6
培育,,6
配备,,6
配偶,,6
配套,,6
盆地,,6
烹饪,,6
捧,,6
批发,,6
批判,,6
劈,,6
皮革,,6
疲惫,,6
疲倦,,6
屁股,,6
譬如,,6
偏差,,6
偏见,,6
偏僻,,6
偏偏,,6
片断,,6
片刻,,6
漂浮,,6
飘扬,,6
撇,,6
拼搏,,6
拼命,,6
贫乏,,6
贫困,,6
频繁,,6
频率,,6
品尝,,6
品德,,6
品质,,6
品种,,6
平凡,,6
平面,,6
平坦,,6
平行,,6
平庸,,6
平原,,6
评估,,6
评论,,6
屏幕,,6
屏障,,6
坡,,6
泼,,6
颇,,6
迫不及待,,6
迫害,,6
破例,,6
魄力,,6
扑,,6
铺,,6
朴实,,6
朴素,,6
普及,,6
瀑布,,6
凄凉,,6
期望,,6
期限,,6
欺负,,6
欺骗,,6
齐全,,6
齐心协力,,6
奇妙,,6
歧视,,6
旗袍,,6
旗帜,,6
乞丐,,6
岂有此理,,6
企图,,6
启程,,6
启蒙,,6
启示,,6
启事,,6
起草,,6
起初,,6
起伏,,6
起哄,,6
起码,,6
起源,,6
气概,,6
气功,,6
气魄,,6
气色,,6
气势,,6
气味,,6
气象,,6
气压,,6
气质,,6
迄今为止,,6
器材,,6
器官,,6
掐,,6
洽谈,,6
恰当,,6
恰到好处,,6
恰巧,,6
千方百计,,6
迁就,,6
迁徙,,6
牵,,6
牵扯,,6
牵制,,6
谦逊,,6
签署,,6
前景,,6
前提,,6
潜力,,6
潜水,,6
潜移默化,,6
谴责,,6
强制,,6
抢劫,,6
抢救,,6
强迫,,6
桥梁,,6
窍门,,6
翘,,6
切实,,6
锲而不舍,,6
钦佩,,6
侵犯,,6
侵略,,6
亲密,,6
亲热,,6
勤俭,,6
勤劳,,6
倾听,,6
倾向,,6
倾斜,,6
清澈,,6
清晨,,6
清除,,6
清洁,,6
清理,,6
清晰,,6
清醒,,6
清真,,6
情报,,6
情节,,6
情理,,6
情形,,6
晴朗,,6
请柬,,6
请教,,6
请示,,6
请帖,,6
丘陵,,6
区分,,6
区域,,6
曲折,,6
驱逐,,6
屈服,,6
渠道,,6
曲子,,6
取缔,,6
趣味,,6
圈套,,6
权衡,,6
权威,,6
全局,,6
全力以赴,,6
拳头,,6
犬,,6
缺口,,6
缺席,,6
缺陷,,6
瘸,,6
确保,,6
确立,,6
确切,,6
确信,,6
群众,,6
染,,6
嚷,,6
让步,,6
饶恕,,6
扰乱,,6
惹祸,,6
热泪盈眶,,6
热门,,6
人道,,6
人格,,6
人工,,6
人家,,6
人间,,6
人士,,6
人为,,6
人性,,6
人质,,6
仁慈,,6
忍耐,,6
忍受,,6
认定,,6
认可,,6
任命,,6
任性,,6
任意,,6
任重道远,,6
仍旧,,6
日新月异,,6
日益,,6
荣幸,,6
荣誉,,6
容貌,,6
容纳,,6
容器,,6
容忍,,6
溶解,,6
融化,,6
融洽,,6
柔和,,6
揉,,6
儒家,,6
若干,,6
弱点,,6
撒谎,,6
散文,,6
散布,,6
散发,,6
丧失,,6
骚扰,,6
嫂子,,6
刹车,,6
啥,,6
筛选,,6
山脉,,6
闪烁,,6
擅长,,6
擅自,,6
伤脑筋,,6
商标,,6
上级,,6
上进,,6
上任,,6
上瘾,,6
上游,,6
尚且,,6
捎,,6
梢,,6
哨,,6
奢侈,,6
舌头,,6
设立,,6
设想,,6
设置,,6
社区,,6
涉及,,6
摄氏度,,6
申报,,6
呻吟,,6
绅士,,6
深奥,,6
深沉,,6
深情厚谊,,6
神经,,6
神奇,,6
神气,,6
神圣,,6
神态,,6
神仙,,6
审查,,6
审理,,6
审美,,6
审判,,6
渗透,,6
慎重,,6
生存,,6
生机,,6
生理,,6
生疏,,6
生态,,6
生物,,6
生肖,,6
生效,,6
生锈,,6
生育,,6
声明,,6
声势,,6
声誉,,6
牲畜,,6
省会,,6
胜负,,6
盛产,,6
盛开,,6
盛情,,6
盛行,,6
尸体,,6
失事,,6
失误,,6
失踪,,6
师范,,6
施加,,6
施展,,6
十足,,6
石油,,6
时常,,6
时而,,6
时光,,6
时机,,6
时事,,6
识别,,6
实惠,,6
实力,,6
实施,,6
实事求是,,6
实行,,6
实质,,6
拾,,6
使命,,6
示范,,6
示威,,6
示意,,6
世代,,6
势必,,6
势力,,6
事故,,6
事迹,,6
事件,,6
事态,,6
事务,,6
事项,,6
事业,,6
试图,,6
试验,,6
视力,,6
视频,,6
视线,,6
视野,,6
是非,,6
适宜,,6
逝世,,6
释放,,6
收藏,,6
收缩,,6
收益,,6
收音机,,6
手法,,6
手势,,6
手艺,,6
守护,,6
首饰,,6
首要,,6
受罪,,6
授予,,6
书法,,6
书籍,,6
书记,,6
书面,,6
舒畅,,6
疏忽,,6
疏远,,6
束,,6
束缚,,6
树立,,6
竖,,6
数额,,6
耍,,6
衰老,,6
衰退,,6
率领,,6
涮火锅,,6
双胞胎,,6
爽快,,6
水利,,6
水龙头,,6
水泥,,6
瞬间,,6
司法,,6
司令,,6
私自,,6
思念,,6
思索,,6
思维,,6
斯文,,6
死亡,,6
四肢,,6
寺庙,,6
饲养,,6
肆无忌惮,,6
耸,,6
艘,,6
苏醒,,6
俗话,,6
诉讼,,6
素食,,6
素质,,6
塑造,,6
算数,,6
随即,,6
随意,,6
岁月,,6
隧道,,6
损坏,,6
索取,,6
索性,,6
塌,,6
踏实,,6
塔,,6
台风,,6
太空,,6
泰斗,,6
贪婪,,6
贪污,,6
摊,,6
瘫痪,,6
弹性,,6
坦白,,6
叹气,,6
探测,,6
探索,,6
探讨,,6
探望,,6
倘若,,6
掏,,6
滔滔不绝,,6
陶瓷,,6
陶醉,,6
淘汰,,6
讨好,,6
特长,,6
特定,,6
特意,,6
提拔,,6
提炼,,6
提示,,6
提议,,6
题材,,6
体裁,,6
体积,,6
体谅,,6
体面,,6
体系,,6
天才,,6
天赋,,6
天伦之乐,,6
天然气,,6
天生,,6
天堂,,6
天文,,6
田径,,6
田野,,6
舔,,6
挑剔,,6
条款,,6
条理,,6
条约,,6
调和,,6
调剂,,6
调节,,6
调解,,6
调料,,6
挑拨,,6
挑衅,,6
跳跃,,6
亭子,,6
停泊,,6
停顿,,6
停滞,,6
挺拔,,6
通货膨胀,,6
通缉,,6
通俗,,6
通讯,,6
通用,,6
同胞,,6
同志,,6
铜,,6
童话,,6
统筹兼顾,,6
统计,,6
统统,,6
统治,,6
投机,,6
投票,,6
投诉,,6
投降,,6
投掷,,6
透露,,6
秃,,6
突破,,6
图案,,6
徒弟,,6
途径,,6
涂抹,,6
土壤,,6
团结,,6
团体,,6
团圆,,6
推测,,6
推翻,,6
推理,,6
推论,,6
推销,,6
吞吞吐吐,,6
托运,,6
拖延,,6
脱离,,6
妥当,,6
妥善,,6
妥协,,6
椭圆,,6
唾弃,,6
挖掘,,6
哇,,6
娃娃,,6
瓦解,,6
歪曲,,6
外表,,6
外行,,6
外界,,6
外向,,6
丸,,6
完备,,6
完毕,,6
玩弄,,6
玩意儿,,6
顽固,,6
顽强,,6
挽回,,6
挽救,,6
惋惜,,6
万分,,6
往常,,6
往事,,6
妄想,,6
危机,,6
威风,,6
威力,,6
威望,,6
威信,,6
微不足道,,6
微观,,6
为难,,6
为期,,6
违背,,6
唯独,,6
维持,,6
维护,,6
维生素,,6
伪造,,6
委托,,6
委员,,6
卫星,,6
未免,,6
畏惧,,6
喂,动词,6
蔚蓝,,6
慰问,,6
温带,,6
温和,,6
文凭,,6
文物,,6
文献,,6
文雅,,6
文艺,,6
问世,,6
窝,,6
乌黑,,6
污蔑,,6
诬陷,,6
无比,,6
无偿,,6
无耻,,6
无动于衷,,6
无非,,6
无辜,,6
无精打采,,6
无赖,,6
无理取闹,,6
无能为力,,6
无穷无尽,,6
无微不至,,6
无忧无虑,,6
无知,,6
武器,,6
武侠,,6
武装,,6
侮辱,,6
舞蹈,,6
务必,,6
物美价廉,,6
物业,,6
物资,,6
误差,,6
误解,,6
夕阳,,6
昔日,,6
牺牲,,6
溪,,6
熄灭,,6
膝盖,,6
习俗,,6
袭击,,6
媳妇,,6
喜闻乐见,,6
喜悦,,6
系列,,6
细胞,,6
细菌,,6
细致,,6
峡谷,,6
狭隘,,6
狭窄,,6
霞,,6
下属,,6
先进,,6
先前,,6
纤维,,6
掀起,,6
鲜明,,6
闲话,,6
贤惠,,6
弦,,6
衔接,,6
嫌,,6
嫌疑,,6
显著,,6
现场,,6
现成,,6
现状,,6
线索,,6
宪法,,6
陷害,,6
陷阱,,6
陷入,,6
馅儿,,6
乡镇,,6
相差,,6
相等,,6
相辅相成,,6
相应,,6
镶嵌,,6
响亮,,6
响应,,6
想方设法,,6
向导,,6
向来,,6
向往,,6
巷,,6
相声,,6
削,,6
消除,,6
消毒,,6
消防,,6
消耗,,6
消灭,,6
销毁,,6
潇洒,,6
小心翼翼,,6
肖像,,6
效益,,6
协会,,6
协商,,6
协调,,6
协议,,6
协助,,6
携带,,6
泄露,,6
泄气,,6
屑,,6
谢绝,,6
心得,,6
心甘情愿,,6
心灵,,6
心态,,6
心疼,,6
心血,,6
心眼儿,,6
辛勤,,6
欣慰,,6
欣欣向荣,,6
新陈代谢,,6
新郎,,6
新娘,,6
新颖,,6
薪水,,6
信赖,,6
信念,,6
信仰,,6
信誉,,6
兴隆,,6
兴旺,,6
腥,,6
刑事,,6
行政,,6
形态,,6
兴高采烈,,6
兴致勃勃,,6
性感,,6
性命,,6
性能,,6
凶恶,,6
凶手,,6
汹涌,,6
胸怀,,6
胸膛,,6
雄厚,,6
雄伟,,6
修复,,6
修建,,6
修养,,6
羞耻,,6
绣,,6
嗅觉,,6
须知,,6
虚假,,6
虚荣,,6
虚伪,,6
需求,,6
许可,,6
序言,,6
畜牧,,6
酗酒,,6
宣誓,,6
宣扬,,6
喧哗,,6
悬挂,,6
悬念,,6
悬殊,,6
悬崖峭壁,,6
旋律,,6
旋转,,6
选拔,,6
选举,,6
选手,,6
炫耀,,6
削弱,,6
学说,,6
学位,,6
雪上加霜,,6
血压,,6
熏陶,,6
寻觅,,6
巡逻,,6
循环,,6
循序渐进,,6
压迫,,6
压岁钱,,6
压缩,,6
压抑,,6
压榨,,6
压制,,6
鸦雀无声,,6
亚军,,6
烟花爆竹,,6
淹没,,6
延期,,6
延伸,,6
延续,,6
严寒,,6
严禁,,6
严峻,,6
严厉,,6
严密,,6
言论,,6
岩石,,6
炎热,,6
沿海,,6
掩盖,,6
掩护,,6
掩饰,,6
眼光,,6
眼色,,6
眼神,,6
演变,,6
演习,,6
演绎,,6
演奏,,6
厌恶,,6
验收,,6
验证,,6
氧气,,6
样品,,6
谣言,,6
摇摆,,6
摇滚,,6
遥控,,6
遥远,,6
要点,,6
要命,,6
要素,,6
耀眼,,6
野蛮,,6
野心,,6
液体,,6
一度,,6
一帆风顺,,6
一贯,,6
一举两得,,6
一流,,6
一目了然,,6
一如既往,,6
一丝不苟,,6
一向,,6
衣裳,,6
依旧,,6
依据,,6
依靠,,6
依赖,,6
依托,,6
仪器,,6
仪式,,6
遗产,,6
遗传,,6
遗留,,6
遗失,,6
疑惑,,6
以便,,6
以免,,6
以往,,6
以至,,6
以致,,6
亦,,6
异常,,6
意料,,6
意识,,6
意图,,6
意味着,,6
意向,,6
意志,,6
毅力,,6
毅然,,6
翼,,6
阴谋,,6
音响,,6
引导,,6
引擎,,6
引用,,6
饮食,,6
隐蔽,,6
隐患,,6
隐瞒,,6
隐私,,6
隐约,,6
英明,,6
英勇,,6
婴儿,,6
迎面,,6
盈利,,6
应酬,,6
应邀,,6
拥护,,6
拥有,,6
庸俗,,6
永恒,,6
勇于,,6
涌现,,6
踊跃,,6
用户,,6
优胜劣汰,,6
优先,,6
优异,,6
优越,,6
忧郁,,6
犹如,,6
油腻,,6
油漆,,6
有条不紊,,6
幼稚,,6
诱惑,,6
渔民,,6
愚蠢,,6
愚昧,,6
舆论,,6
与日俱增,,6
宇宙,,6
羽绒服,,6
玉,,6
预料,,6
预期,,6
预算,,6
预先,,6
预言,,6
预兆,,6
欲望,,6
寓言,,6
愈,,6
冤枉,,6
元首,,6
元素,,6
元宵节,,6
园林,,6
原告,,6
原理,,6
原始,,6
原先,,6
圆满,,6
缘故,,6
源泉,,6
约束,,6
乐谱,,6
岳母,,6
孕育,,6
运算,,6
运行,,6
酝酿,,6
蕴藏,,6
熨,,6
杂技,,6
杂交,,6
砸,,6
咋,,6
灾难,,6
栽培,,6
宰,,6
再接再厉,,6
在意,,6
攒,,6
暂且,,6
赞叹,,6
赞助,,6
遭受,,6
遭殃,,6
遭遇,,6
糟蹋,,6
造型,,6
噪音,,6
责怪,,6
贼,,6
增添,,6
赠送,,6
扎,,6
扎实,,6
渣,,6
眨,,6
诈骗,,6
摘要,,6
债券,,6
沾光,,6
瞻仰,,6
斩钉截铁,,6
展示,,6
展望,,6
展现,,6
崭新,,6
占据,,6
占领,,6
战斗,,6
战略,,6
战术,,6
战役,,6
章程,,6
帐篷,,6
障碍,,6
招标,,6
招收,,6
朝气蓬勃,,6
着迷,,6
沼泽,,6
照样,,6
照耀,,6
折腾,,6
遮挡,,6
折,,6
折磨,,6
侦探,,6
珍贵,,6
珍稀,,6
珍珠,,6
真理,,6
真相,,6
真挚,,6
斟酌,,6
枕头,,6
阵地,,6
阵容,,6
振奋,,6
振兴,,6
震撼,,6
震惊,,6
镇定,,6
镇静,,6
正月,,6
争端,,6
争夺,,6
争气,,6
争先恐后,,6
争议,,6
征服,,6
征收,,6
挣扎,,6
蒸发,,6
整顿,,6
正当,,6
正负,,6
正规,,6
正经,,6
正气,,6
正义,,6
正宗,,6
证实,,6
证书,,6
郑重,,6
政策,,6
政权,,6
症状,,6
之际,,6
支撑,,6
支出,,6
支流,,6
支配,,6
支援,,6
支柱,,6
枝,,6
知觉,,6
知足常乐,,6
脂肪,,6
执行,,6
执着,,6
直播,,6
直径,,6
侄子,,6
值班,,6
职能,,6
职位,,6
职务,,6
殖民地,,6
指标,,6
指定,,6
指甲,,6
指令,,6
指南针,,6
指示,,6
指望,,6
指责,,6
志气,,6
制裁,,6
制服,,6
制约,,6
制止,,6
治安,,6
治理,,6
致辞,,6
致力,,6
致使,,6
智力,,6
智能,,6
智商,,6
滞留,,6
中断,,6
中立,,6
中央,,6
忠诚,,6
忠实,,6
终点,,6
终究,,6
终身,,6
终止,,6
衷心,,6
肿瘤,,6
种子,,6
种族,,6
众所周知,,6
种植,,6
重心,,6
舟,,6
州,,6
周边,,6
周密,,6
周年,,6
周期,,6
周折,,6
周转,,6
粥,,6
昼夜,,6
皱纹,,6
株,,6
诸位,,6
逐年,,6
主办,,6
主导,,6
主管,,6
主流,,6
主权,,6
主义,,6
拄,,6
嘱咐,,6
助理,,6
助手,,6
住宅,,6
注射,,6
注视,,6
注释,,6
注重,,6
驻扎,,6
著作,,6
铸造,,6
拽,,6
专长,,6
专程,,6
专利,,6
专题,,6
砖,,6
转达,,6
转让,,6
转移,,6
转折,,6
传记,,6
庄稼,,6
庄严,,6
庄重,,6
装备,,6
装卸,,6
壮观,,6
壮丽,,6
壮烈,,6
幢,,6
追悼,,6
追究,,6
坠,,6
准则,,6
卓越,,6
着手,,6
着想,,6
着重,,6
琢磨,,6
姿态,,6
资本,,6
资产,,6
资深,,6
资助,,6
滋润,,6
滋味,,6
子弹,,6
自卑,,6
自发,,6
自力更生,,6
自满,,6
自主,,6
宗教,,6
宗旨,,6
棕色,,6
踪迹,,6
总而言之,,6
总和,,6
纵横,,6
走廊,,6
走漏,,6
走私,,6
揍,,6
租赁,,6
足以,,6
阻碍,,6
阻拦,,6
阻挠,,6
祖父,,6
祖国,,6
祖先,,6
钻研,,6
钻石,,6
嘴唇,,6
罪犯,,6
尊严,,6
遵循,,6
作弊,,6
作废,,6
作风,,6
作息,,6
座右铭,,6
做主,,6
